{"polyfill":["/polyfill-48407867f08727f61a71.js"],"app":["/app-172dc9f98d8bc2cd61c5.js"],"component---src-pages-404-jsx":["/component---src-pages-404-jsx-e029032913dc45a1fba1.js"],"component---src-pages-area-ingenieria-diseno-e-ingenieria-jsx":["/component---src-pages-area-ingenieria-diseno-e-ingenieria-jsx-4cdb4177a26b8d77e599.js"],"component---src-pages-area-ingenieria-fabricacion-de-montaje-de-estructuras-metalicas-jsx":["/component---src-pages-area-ingenieria-fabricacion-de-montaje-de-estructuras-metalicas-jsx-864959e8bd240be2cb8c.js"],"component---src-pages-area-ingenieria-fabricacion-de-spools-y-piezas-especiales-para-tuberia-jsx":["/component---src-pages-area-ingenieria-fabricacion-de-spools-y-piezas-especiales-para-tuberia-jsx-f68c93e70b6fee9f1ca0.js"],"component---src-pages-area-ingenieria-jsx":["/component---src-pages-area-ingenieria-jsx-7d800e14ca43ef818783.js"],"component---src-pages-area-ingenieria-reparacion-de-componentes-jsx":["/component---src-pages-area-ingenieria-reparacion-de-componentes-jsx-af78e515dd20930e7f71.js"],"component---src-pages-area-servicios-entrenamiento-y-certificacion-ndt-jsx":["/component---src-pages-area-servicios-entrenamiento-y-certificacion-ndt-jsx-11c722a56a2bee18de59.js"],"component---src-pages-area-servicios-jsx":["/component---src-pages-area-servicios-jsx-a6a90b61317df1c58c84.js"],"component---src-pages-area-servicios-servicio-de-alineamiento-de-laser-de-ejes-jsx":["/component---src-pages-area-servicios-servicio-de-alineamiento-de-laser-de-ejes-jsx-4735a88d47b2baab26df.js"],"component---src-pages-area-servicios-servicio-de-ensayos-no-destructivos-jsx":["/component---src-pages-area-servicios-servicio-de-ensayos-no-destructivos-jsx-8027d55f0fe18d420d52.js"],"component---src-pages-area-servicios-servicios-de-outsourcing-jsx":["/component---src-pages-area-servicios-servicios-de-outsourcing-jsx-740430e9a39573510a03.js"],"component---src-pages-areas-jsx":["/component---src-pages-areas-jsx-3a76953a083f1c801b48.js"],"component---src-pages-clientes-jsx":["/component---src-pages-clientes-jsx-a3cc138c6935023ce19f.js"],"component---src-pages-index-jsx":["/component---src-pages-index-jsx-4f0bb4e98e462c9bc74d.js"],"component---src-pages-nosotros-jsx":["/component---src-pages-nosotros-jsx-7e8e58255af37b3754ad.js"],"component---src-pages-proyecto-grupo-falabella-jsx":["/component---src-pages-proyecto-grupo-falabella-jsx-fae4c93675046e59c4f7.js"],"component---src-pages-proyecto-mantenimiento-mina-cerro-verde-jsx":["/component---src-pages-proyecto-mantenimiento-mina-cerro-verde-jsx-3d847e3f244f886ef463.js"],"component---src-pages-proyecto-mantenimiento-mina-toquepala-jsx":["/component---src-pages-proyecto-mantenimiento-mina-toquepala-jsx-d711563585a59c3577bc.js"],"component---src-pages-proyecto-marcobre-jsx":["/component---src-pages-proyecto-marcobre-jsx-ff8fb4eaebe815f57bb3.js"],"component---src-pages-proyecto-proyecto-fotovoltaico-clemesi-moquegua-jsx":["/component---src-pages-proyecto-proyecto-fotovoltaico-clemesi-moquegua-jsx-318d1a1783847fb9ff2b.js"],"component---src-pages-proyecto-proyecto-fotovoltaico-rubi-moquegua-jsx":["/component---src-pages-proyecto-proyecto-fotovoltaico-rubi-moquegua-jsx-c0e5bf2068adc7093af3.js"],"component---src-pages-proyecto-proyecto-quellaveco-norte-jsx":["/component---src-pages-proyecto-proyecto-quellaveco-norte-jsx-7f536116cb7781877b78.js"],"component---src-pages-proyecto-proyecto-quellaveco-tuneles-jsx":["/component---src-pages-proyecto-proyecto-quellaveco-tuneles-jsx-2ecbc60ebd53375c8326.js"],"component---src-pages-proyecto-sociedad-minera-cerro-verde-jsx":["/component---src-pages-proyecto-sociedad-minera-cerro-verde-jsx-7f468f12d34df148cc8c.js"],"component---src-pages-proyectos-jsx":["/component---src-pages-proyectos-jsx-fdf8e06895a78c1131db.js"]}