{"namedChunkGroups":{"polyfill":{"name":"polyfill","assets":[{"name":"webpack-runtime-0877041f8de4fc9028f5.js","size":6884},{"name":"polyfill-48407867f08727f61a71.js","size":82521}],"filteredAssets":0,"assetsSize":89405,"filteredAuxiliaryAssets":2,"auxiliaryAssetsSize":227136},"app":{"name":"app","assets":[{"name":"webpack-runtime-0877041f8de4fc9028f5.js","size":6884},{"name":"styles.6573de0dfa003edc2319.css","size":14112},{"name":"framework-87ffbe4f770916c47eec.js","size":128718},{"name":"app-172dc9f98d8bc2cd61c5.js","size":55383}],"filteredAssets":0,"assetsSize":205097,"filteredAuxiliaryAssets":13,"auxiliaryAssetsSize":800673},"component---src-pages-404-jsx":{"name":"component---src-pages-404-jsx","assets":[{"name":"component---src-pages-404-jsx-e029032913dc45a1fba1.js","size":332}],"filteredAssets":0,"assetsSize":332,"filteredAuxiliaryAssets":1,"auxiliaryAssetsSize":384},"component---src-pages-area-ingenieria-diseno-e-ingenieria-jsx":{"name":"component---src-pages-area-ingenieria-diseno-e-ingenieria-jsx","assets":[{"name":"styles.6573de0dfa003edc2319.css","size":14112},{"name":"1bfc9850-21cd370c2f520c5d8437.js","size":2640},{"name":"252f366e-ca8eb0fb652694749755.js","size":466},{"name":"c760f49fe094fea7eeef5bab7121b68424102643-f7806fe6a92a17b94830.js","size":118029},{"name":"a81768f93121ced67e3f549b5c369bcf798f1c5c-33e6219e7ccb828bf794.js","size":28807},{"name":"component---src-pages-area-ingenieria-diseno-e-ingenieria-jsx-4cdb4177a26b8d77e599.js","size":12965}],"filteredAssets":0,"assetsSize":177019,"filteredAuxiliaryAssets":25,"auxiliaryAssetsSize":8226796},"component---src-pages-area-ingenieria-fabricacion-de-montaje-de-estructuras-metalicas-jsx":{"name":"component---src-pages-area-ingenieria-fabricacion-de-montaje-de-estructuras-metalicas-jsx","assets":[{"name":"styles.6573de0dfa003edc2319.css","size":14112},{"name":"1bfc9850-21cd370c2f520c5d8437.js","size":2640},{"name":"252f366e-ca8eb0fb652694749755.js","size":466},{"name":"c760f49fe094fea7eeef5bab7121b68424102643-f7806fe6a92a17b94830.js","size":118029},{"name":"a81768f93121ced67e3f549b5c369bcf798f1c5c-33e6219e7ccb828bf794.js","size":28807},{"name":"component---src-pages-area-ingenieria-fabricacion-de-montaje-de-estructuras-metalicas-jsx-864959e8bd240be2cb8c.js","size":13028}],"filteredAssets":0,"assetsSize":177082,"filteredAuxiliaryAssets":25,"auxiliaryAssetsSize":8221953},"component---src-pages-area-ingenieria-fabricacion-de-spools-y-piezas-especiales-para-tuberia-jsx":{"name":"component---src-pages-area-ingenieria-fabricacion-de-spools-y-piezas-especiales-para-tuberia-jsx","assets":[{"name":"styles.6573de0dfa003edc2319.css","size":14112},{"name":"1bfc9850-21cd370c2f520c5d8437.js","size":2640},{"name":"252f366e-ca8eb0fb652694749755.js","size":466},{"name":"c760f49fe094fea7eeef5bab7121b68424102643-f7806fe6a92a17b94830.js","size":118029},{"name":"a81768f93121ced67e3f549b5c369bcf798f1c5c-33e6219e7ccb828bf794.js","size":28807},{"name":"component---src-pages-area-ingenieria-fabricacion-de-spools-y-piezas-especiales-para-tuberia-jsx-f68c93e70b6fee9f1ca0.js","size":13598}],"filteredAssets":0,"assetsSize":177652,"filteredAuxiliaryAssets":25,"auxiliaryAssetsSize":8206030},"component---src-pages-area-ingenieria-jsx":{"name":"component---src-pages-area-ingenieria-jsx","assets":[{"name":"1bfc9850-21cd370c2f520c5d8437.js","size":2640},{"name":"252f366e-ca8eb0fb652694749755.js","size":466},{"name":"c760f49fe094fea7eeef5bab7121b68424102643-f7806fe6a92a17b94830.js","size":118029},{"name":"component---src-pages-area-ingenieria-jsx-7d800e14ca43ef818783.js","size":6305}],"filteredAssets":0,"assetsSize":127440,"filteredAuxiliaryAssets":5,"auxiliaryAssetsSize":5200753},"component---src-pages-area-ingenieria-reparacion-de-componentes-jsx":{"name":"component---src-pages-area-ingenieria-reparacion-de-componentes-jsx","assets":[{"name":"styles.6573de0dfa003edc2319.css","size":14112},{"name":"1bfc9850-21cd370c2f520c5d8437.js","size":2640},{"name":"252f366e-ca8eb0fb652694749755.js","size":466},{"name":"c760f49fe094fea7eeef5bab7121b68424102643-f7806fe6a92a17b94830.js","size":118029},{"name":"a81768f93121ced67e3f549b5c369bcf798f1c5c-33e6219e7ccb828bf794.js","size":28807},{"name":"component---src-pages-area-ingenieria-reparacion-de-componentes-jsx-af78e515dd20930e7f71.js","size":13337}],"filteredAssets":0,"assetsSize":177391,"filteredAuxiliaryAssets":25,"auxiliaryAssetsSize":8235083},"component---src-pages-area-servicios-entrenamiento-y-certificacion-ndt-jsx":{"name":"component---src-pages-area-servicios-entrenamiento-y-certificacion-ndt-jsx","assets":[{"name":"styles.6573de0dfa003edc2319.css","size":14112},{"name":"1bfc9850-21cd370c2f520c5d8437.js","size":2640},{"name":"252f366e-ca8eb0fb652694749755.js","size":466},{"name":"c760f49fe094fea7eeef5bab7121b68424102643-f7806fe6a92a17b94830.js","size":118029},{"name":"a81768f93121ced67e3f549b5c369bcf798f1c5c-33e6219e7ccb828bf794.js","size":28807},{"name":"component---src-pages-area-servicios-entrenamiento-y-certificacion-ndt-jsx-11c722a56a2bee18de59.js","size":16124}],"filteredAssets":0,"assetsSize":180178,"filteredAuxiliaryAssets":26,"auxiliaryAssetsSize":8397146},"component---src-pages-area-servicios-jsx":{"name":"component---src-pages-area-servicios-jsx","assets":[{"name":"1bfc9850-21cd370c2f520c5d8437.js","size":2640},{"name":"252f366e-ca8eb0fb652694749755.js","size":466},{"name":"c760f49fe094fea7eeef5bab7121b68424102643-f7806fe6a92a17b94830.js","size":118029},{"name":"component---src-pages-area-servicios-jsx-a6a90b61317df1c58c84.js","size":6274}],"filteredAssets":0,"assetsSize":127409,"filteredAuxiliaryAssets":5,"auxiliaryAssetsSize":5200704},"component---src-pages-area-servicios-servicio-de-alineamiento-de-laser-de-ejes-jsx":{"name":"component---src-pages-area-servicios-servicio-de-alineamiento-de-laser-de-ejes-jsx","assets":[{"name":"styles.6573de0dfa003edc2319.css","size":14112},{"name":"1bfc9850-21cd370c2f520c5d8437.js","size":2640},{"name":"252f366e-ca8eb0fb652694749755.js","size":466},{"name":"c760f49fe094fea7eeef5bab7121b68424102643-f7806fe6a92a17b94830.js","size":118029},{"name":"a81768f93121ced67e3f549b5c369bcf798f1c5c-33e6219e7ccb828bf794.js","size":28807},{"name":"component---src-pages-area-servicios-servicio-de-alineamiento-de-laser-de-ejes-jsx-4735a88d47b2baab26df.js","size":13423}],"filteredAssets":0,"assetsSize":177477,"filteredAuxiliaryAssets":25,"auxiliaryAssetsSize":8791316},"component---src-pages-area-servicios-servicio-de-ensayos-no-destructivos-jsx":{"name":"component---src-pages-area-servicios-servicio-de-ensayos-no-destructivos-jsx","assets":[{"name":"styles.6573de0dfa003edc2319.css","size":14112},{"name":"1bfc9850-21cd370c2f520c5d8437.js","size":2640},{"name":"252f366e-ca8eb0fb652694749755.js","size":466},{"name":"c760f49fe094fea7eeef5bab7121b68424102643-f7806fe6a92a17b94830.js","size":118029},{"name":"a81768f93121ced67e3f549b5c369bcf798f1c5c-33e6219e7ccb828bf794.js","size":28807},{"name":"component---src-pages-area-servicios-servicio-de-ensayos-no-destructivos-jsx-8027d55f0fe18d420d52.js","size":14890}],"filteredAssets":0,"assetsSize":178944,"filteredAuxiliaryAssets":25,"auxiliaryAssetsSize":8271322},"component---src-pages-area-servicios-servicios-de-outsourcing-jsx":{"name":"component---src-pages-area-servicios-servicios-de-outsourcing-jsx","assets":[{"name":"styles.6573de0dfa003edc2319.css","size":14112},{"name":"1bfc9850-21cd370c2f520c5d8437.js","size":2640},{"name":"252f366e-ca8eb0fb652694749755.js","size":466},{"name":"c760f49fe094fea7eeef5bab7121b68424102643-f7806fe6a92a17b94830.js","size":118029},{"name":"a81768f93121ced67e3f549b5c369bcf798f1c5c-33e6219e7ccb828bf794.js","size":28807},{"name":"component---src-pages-area-servicios-servicios-de-outsourcing-jsx-740430e9a39573510a03.js","size":13084}],"filteredAssets":0,"assetsSize":177138,"filteredAuxiliaryAssets":25,"auxiliaryAssetsSize":8185121},"component---src-pages-areas-jsx":{"name":"component---src-pages-areas-jsx","assets":[{"name":"1bfc9850-21cd370c2f520c5d8437.js","size":2640},{"name":"252f366e-ca8eb0fb652694749755.js","size":466},{"name":"c760f49fe094fea7eeef5bab7121b68424102643-f7806fe6a92a17b94830.js","size":118029},{"name":"component---src-pages-areas-jsx-3a76953a083f1c801b48.js","size":3076}],"filteredAssets":0,"assetsSize":124211,"filteredAuxiliaryAssets":5,"auxiliaryAssetsSize":2264242},"component---src-pages-clientes-jsx":{"name":"component---src-pages-clientes-jsx","assets":[{"name":"styles.6573de0dfa003edc2319.css","size":14112},{"name":"1bfc9850-21cd370c2f520c5d8437.js","size":2640},{"name":"252f366e-ca8eb0fb652694749755.js","size":466},{"name":"c760f49fe094fea7eeef5bab7121b68424102643-f7806fe6a92a17b94830.js","size":118029},{"name":"component---src-pages-clientes-jsx-a3cc138c6935023ce19f.js","size":24134}],"filteredAssets":0,"assetsSize":159381,"filteredAuxiliaryAssets":27,"auxiliaryAssetsSize":3218888},"component---src-pages-index-jsx":{"name":"component---src-pages-index-jsx","assets":[{"name":"styles.6573de0dfa003edc2319.css","size":14112},{"name":"1bfc9850-21cd370c2f520c5d8437.js","size":2640},{"name":"252f366e-ca8eb0fb652694749755.js","size":466},{"name":"c760f49fe094fea7eeef5bab7121b68424102643-f7806fe6a92a17b94830.js","size":118029},{"name":"a81768f93121ced67e3f549b5c369bcf798f1c5c-33e6219e7ccb828bf794.js","size":28807},{"name":"25f03d0106eea974786f81fa6e3f3a364b111893-6d0107ad6e2a98355bd1.js","size":34473},{"name":"component---src-pages-index-jsx-4f0bb4e98e462c9bc74d.js","size":98211}],"filteredAssets":0,"assetsSize":296738,"filteredAuxiliaryAssets":42,"auxiliaryAssetsSize":9319933},"component---src-pages-nosotros-jsx":{"name":"component---src-pages-nosotros-jsx","assets":[{"name":"1bfc9850-21cd370c2f520c5d8437.js","size":2640},{"name":"252f366e-ca8eb0fb652694749755.js","size":466},{"name":"d7eeaac4-dd4a132fd31c6868ba7c.js","size":2089},{"name":"c760f49fe094fea7eeef5bab7121b68424102643-f7806fe6a92a17b94830.js","size":118029},{"name":"25f03d0106eea974786f81fa6e3f3a364b111893-6d0107ad6e2a98355bd1.js","size":34473},{"name":"component---src-pages-nosotros-jsx-7e8e58255af37b3754ad.js","size":10190}],"filteredAssets":0,"assetsSize":167887,"filteredAuxiliaryAssets":10,"auxiliaryAssetsSize":3208254},"component---src-pages-proyecto-grupo-falabella-jsx":{"name":"component---src-pages-proyecto-grupo-falabella-jsx","assets":[{"name":"styles.6573de0dfa003edc2319.css","size":14112},{"name":"1bfc9850-21cd370c2f520c5d8437.js","size":2640},{"name":"252f366e-ca8eb0fb652694749755.js","size":466},{"name":"d7eeaac4-dd4a132fd31c6868ba7c.js","size":2089},{"name":"c760f49fe094fea7eeef5bab7121b68424102643-f7806fe6a92a17b94830.js","size":118029},{"name":"component---src-pages-proyecto-grupo-falabella-jsx-fae4c93675046e59c4f7.js","size":15716}],"filteredAssets":0,"assetsSize":153052,"filteredAuxiliaryAssets":24,"auxiliaryAssetsSize":8789293},"component---src-pages-proyecto-mantenimiento-mina-cerro-verde-jsx":{"name":"component---src-pages-proyecto-mantenimiento-mina-cerro-verde-jsx","assets":[{"name":"styles.6573de0dfa003edc2319.css","size":14112},{"name":"1bfc9850-21cd370c2f520c5d8437.js","size":2640},{"name":"252f366e-ca8eb0fb652694749755.js","size":466},{"name":"d7eeaac4-dd4a132fd31c6868ba7c.js","size":2089},{"name":"c760f49fe094fea7eeef5bab7121b68424102643-f7806fe6a92a17b94830.js","size":118029},{"name":"component---src-pages-proyecto-mantenimiento-mina-cerro-verde-jsx-3d847e3f244f886ef463.js","size":15844}],"filteredAssets":0,"assetsSize":153180,"filteredAuxiliaryAssets":24,"auxiliaryAssetsSize":8789399},"component---src-pages-proyecto-mantenimiento-mina-toquepala-jsx":{"name":"component---src-pages-proyecto-mantenimiento-mina-toquepala-jsx","assets":[{"name":"styles.6573de0dfa003edc2319.css","size":14112},{"name":"1bfc9850-21cd370c2f520c5d8437.js","size":2640},{"name":"252f366e-ca8eb0fb652694749755.js","size":466},{"name":"d7eeaac4-dd4a132fd31c6868ba7c.js","size":2089},{"name":"c760f49fe094fea7eeef5bab7121b68424102643-f7806fe6a92a17b94830.js","size":118029},{"name":"component---src-pages-proyecto-mantenimiento-mina-toquepala-jsx-d711563585a59c3577bc.js","size":15728}],"filteredAssets":0,"assetsSize":153064,"filteredAuxiliaryAssets":24,"auxiliaryAssetsSize":8789329},"component---src-pages-proyecto-marcobre-jsx":{"name":"component---src-pages-proyecto-marcobre-jsx","assets":[{"name":"styles.6573de0dfa003edc2319.css","size":14112},{"name":"1bfc9850-21cd370c2f520c5d8437.js","size":2640},{"name":"252f366e-ca8eb0fb652694749755.js","size":466},{"name":"d7eeaac4-dd4a132fd31c6868ba7c.js","size":2089},{"name":"c760f49fe094fea7eeef5bab7121b68424102643-f7806fe6a92a17b94830.js","size":118029},{"name":"component---src-pages-proyecto-marcobre-jsx-ff8fb4eaebe815f57bb3.js","size":15708}],"filteredAssets":0,"assetsSize":153044,"filteredAuxiliaryAssets":24,"auxiliaryAssetsSize":8789289},"component---src-pages-proyecto-proyecto-fotovoltaico-clemesi-moquegua-jsx":{"name":"component---src-pages-proyecto-proyecto-fotovoltaico-clemesi-moquegua-jsx","assets":[{"name":"styles.6573de0dfa003edc2319.css","size":14112},{"name":"1bfc9850-21cd370c2f520c5d8437.js","size":2640},{"name":"252f366e-ca8eb0fb652694749755.js","size":466},{"name":"d7eeaac4-dd4a132fd31c6868ba7c.js","size":2089},{"name":"c760f49fe094fea7eeef5bab7121b68424102643-f7806fe6a92a17b94830.js","size":118029},{"name":"component---src-pages-proyecto-proyecto-fotovoltaico-clemesi-moquegua-jsx-318d1a1783847fb9ff2b.js","size":15861}],"filteredAssets":0,"assetsSize":153197,"filteredAuxiliaryAssets":24,"auxiliaryAssetsSize":8789433},"component---src-pages-proyecto-proyecto-fotovoltaico-rubi-moquegua-jsx":{"name":"component---src-pages-proyecto-proyecto-fotovoltaico-rubi-moquegua-jsx","assets":[{"name":"styles.6573de0dfa003edc2319.css","size":14112},{"name":"1bfc9850-21cd370c2f520c5d8437.js","size":2640},{"name":"252f366e-ca8eb0fb652694749755.js","size":466},{"name":"d7eeaac4-dd4a132fd31c6868ba7c.js","size":2089},{"name":"c760f49fe094fea7eeef5bab7121b68424102643-f7806fe6a92a17b94830.js","size":118029},{"name":"component---src-pages-proyecto-proyecto-fotovoltaico-rubi-moquegua-jsx-c0e5bf2068adc7093af3.js","size":15735}],"filteredAssets":0,"assetsSize":153071,"filteredAuxiliaryAssets":24,"auxiliaryAssetsSize":8789337},"component---src-pages-proyecto-proyecto-quellaveco-norte-jsx":{"name":"component---src-pages-proyecto-proyecto-quellaveco-norte-jsx","assets":[{"name":"styles.6573de0dfa003edc2319.css","size":14112},{"name":"1bfc9850-21cd370c2f520c5d8437.js","size":2640},{"name":"252f366e-ca8eb0fb652694749755.js","size":466},{"name":"d7eeaac4-dd4a132fd31c6868ba7c.js","size":2089},{"name":"c760f49fe094fea7eeef5bab7121b68424102643-f7806fe6a92a17b94830.js","size":118029},{"name":"component---src-pages-proyecto-proyecto-quellaveco-norte-jsx-7f536116cb7781877b78.js","size":15726}],"filteredAssets":0,"assetsSize":153062,"filteredAuxiliaryAssets":24,"auxiliaryAssetsSize":8789397},"component---src-pages-proyecto-proyecto-quellaveco-tuneles-jsx":{"name":"component---src-pages-proyecto-proyecto-quellaveco-tuneles-jsx","assets":[{"name":"styles.6573de0dfa003edc2319.css","size":14112},{"name":"1bfc9850-21cd370c2f520c5d8437.js","size":2640},{"name":"252f366e-ca8eb0fb652694749755.js","size":466},{"name":"d7eeaac4-dd4a132fd31c6868ba7c.js","size":2089},{"name":"c760f49fe094fea7eeef5bab7121b68424102643-f7806fe6a92a17b94830.js","size":118029},{"name":"component---src-pages-proyecto-proyecto-quellaveco-tuneles-jsx-2ecbc60ebd53375c8326.js","size":15728}],"filteredAssets":0,"assetsSize":153064,"filteredAuxiliaryAssets":24,"auxiliaryAssetsSize":8789393},"component---src-pages-proyecto-sociedad-minera-cerro-verde-jsx":{"name":"component---src-pages-proyecto-sociedad-minera-cerro-verde-jsx","assets":[{"name":"styles.6573de0dfa003edc2319.css","size":14112},{"name":"1bfc9850-21cd370c2f520c5d8437.js","size":2640},{"name":"252f366e-ca8eb0fb652694749755.js","size":466},{"name":"d7eeaac4-dd4a132fd31c6868ba7c.js","size":2089},{"name":"c760f49fe094fea7eeef5bab7121b68424102643-f7806fe6a92a17b94830.js","size":118029},{"name":"component---src-pages-proyecto-sociedad-minera-cerro-verde-jsx-7f468f12d34df148cc8c.js","size":15832}],"filteredAssets":0,"assetsSize":153168,"filteredAuxiliaryAssets":24,"auxiliaryAssetsSize":8789391},"component---src-pages-proyectos-jsx":{"name":"component---src-pages-proyectos-jsx","assets":[{"name":"1bfc9850-21cd370c2f520c5d8437.js","size":2640},{"name":"252f366e-ca8eb0fb652694749755.js","size":466},{"name":"c760f49fe094fea7eeef5bab7121b68424102643-f7806fe6a92a17b94830.js","size":118029},{"name":"component---src-pages-proyectos-jsx-fdf8e06895a78c1131db.js","size":14925}],"filteredAssets":0,"assetsSize":136060,"filteredAuxiliaryAssets":14,"auxiliaryAssetsSize":7923318}},"assetsByChunkName":{"polyfill":["webpack-runtime-0877041f8de4fc9028f5.js","polyfill-48407867f08727f61a71.js"],"app":["webpack-runtime-0877041f8de4fc9028f5.js","styles.6573de0dfa003edc2319.css","framework-87ffbe4f770916c47eec.js","app-172dc9f98d8bc2cd61c5.js"],"component---src-pages-404-jsx":["component---src-pages-404-jsx-e029032913dc45a1fba1.js"],"component---src-pages-area-ingenieria-diseno-e-ingenieria-jsx":["styles.6573de0dfa003edc2319.css","1bfc9850-21cd370c2f520c5d8437.js","252f366e-ca8eb0fb652694749755.js","c760f49fe094fea7eeef5bab7121b68424102643-f7806fe6a92a17b94830.js","a81768f93121ced67e3f549b5c369bcf798f1c5c-33e6219e7ccb828bf794.js","component---src-pages-area-ingenieria-diseno-e-ingenieria-jsx-4cdb4177a26b8d77e599.js"],"component---src-pages-area-ingenieria-fabricacion-de-montaje-de-estructuras-metalicas-jsx":["styles.6573de0dfa003edc2319.css","1bfc9850-21cd370c2f520c5d8437.js","252f366e-ca8eb0fb652694749755.js","c760f49fe094fea7eeef5bab7121b68424102643-f7806fe6a92a17b94830.js","a81768f93121ced67e3f549b5c369bcf798f1c5c-33e6219e7ccb828bf794.js","component---src-pages-area-ingenieria-fabricacion-de-montaje-de-estructuras-metalicas-jsx-864959e8bd240be2cb8c.js"],"component---src-pages-area-ingenieria-fabricacion-de-spools-y-piezas-especiales-para-tuberia-jsx":["styles.6573de0dfa003edc2319.css","1bfc9850-21cd370c2f520c5d8437.js","252f366e-ca8eb0fb652694749755.js","c760f49fe094fea7eeef5bab7121b68424102643-f7806fe6a92a17b94830.js","a81768f93121ced67e3f549b5c369bcf798f1c5c-33e6219e7ccb828bf794.js","component---src-pages-area-ingenieria-fabricacion-de-spools-y-piezas-especiales-para-tuberia-jsx-f68c93e70b6fee9f1ca0.js"],"component---src-pages-area-ingenieria-jsx":["1bfc9850-21cd370c2f520c5d8437.js","252f366e-ca8eb0fb652694749755.js","c760f49fe094fea7eeef5bab7121b68424102643-f7806fe6a92a17b94830.js","component---src-pages-area-ingenieria-jsx-7d800e14ca43ef818783.js"],"component---src-pages-area-ingenieria-reparacion-de-componentes-jsx":["styles.6573de0dfa003edc2319.css","1bfc9850-21cd370c2f520c5d8437.js","252f366e-ca8eb0fb652694749755.js","c760f49fe094fea7eeef5bab7121b68424102643-f7806fe6a92a17b94830.js","a81768f93121ced67e3f549b5c369bcf798f1c5c-33e6219e7ccb828bf794.js","component---src-pages-area-ingenieria-reparacion-de-componentes-jsx-af78e515dd20930e7f71.js"],"component---src-pages-area-servicios-entrenamiento-y-certificacion-ndt-jsx":["styles.6573de0dfa003edc2319.css","1bfc9850-21cd370c2f520c5d8437.js","252f366e-ca8eb0fb652694749755.js","c760f49fe094fea7eeef5bab7121b68424102643-f7806fe6a92a17b94830.js","a81768f93121ced67e3f549b5c369bcf798f1c5c-33e6219e7ccb828bf794.js","component---src-pages-area-servicios-entrenamiento-y-certificacion-ndt-jsx-11c722a56a2bee18de59.js"],"component---src-pages-area-servicios-jsx":["1bfc9850-21cd370c2f520c5d8437.js","252f366e-ca8eb0fb652694749755.js","c760f49fe094fea7eeef5bab7121b68424102643-f7806fe6a92a17b94830.js","component---src-pages-area-servicios-jsx-a6a90b61317df1c58c84.js"],"component---src-pages-area-servicios-servicio-de-alineamiento-de-laser-de-ejes-jsx":["styles.6573de0dfa003edc2319.css","1bfc9850-21cd370c2f520c5d8437.js","252f366e-ca8eb0fb652694749755.js","c760f49fe094fea7eeef5bab7121b68424102643-f7806fe6a92a17b94830.js","a81768f93121ced67e3f549b5c369bcf798f1c5c-33e6219e7ccb828bf794.js","component---src-pages-area-servicios-servicio-de-alineamiento-de-laser-de-ejes-jsx-4735a88d47b2baab26df.js"],"component---src-pages-area-servicios-servicio-de-ensayos-no-destructivos-jsx":["styles.6573de0dfa003edc2319.css","1bfc9850-21cd370c2f520c5d8437.js","252f366e-ca8eb0fb652694749755.js","c760f49fe094fea7eeef5bab7121b68424102643-f7806fe6a92a17b94830.js","a81768f93121ced67e3f549b5c369bcf798f1c5c-33e6219e7ccb828bf794.js","component---src-pages-area-servicios-servicio-de-ensayos-no-destructivos-jsx-8027d55f0fe18d420d52.js"],"component---src-pages-area-servicios-servicios-de-outsourcing-jsx":["styles.6573de0dfa003edc2319.css","1bfc9850-21cd370c2f520c5d8437.js","252f366e-ca8eb0fb652694749755.js","c760f49fe094fea7eeef5bab7121b68424102643-f7806fe6a92a17b94830.js","a81768f93121ced67e3f549b5c369bcf798f1c5c-33e6219e7ccb828bf794.js","component---src-pages-area-servicios-servicios-de-outsourcing-jsx-740430e9a39573510a03.js"],"component---src-pages-areas-jsx":["1bfc9850-21cd370c2f520c5d8437.js","252f366e-ca8eb0fb652694749755.js","c760f49fe094fea7eeef5bab7121b68424102643-f7806fe6a92a17b94830.js","component---src-pages-areas-jsx-3a76953a083f1c801b48.js"],"component---src-pages-clientes-jsx":["styles.6573de0dfa003edc2319.css","1bfc9850-21cd370c2f520c5d8437.js","252f366e-ca8eb0fb652694749755.js","c760f49fe094fea7eeef5bab7121b68424102643-f7806fe6a92a17b94830.js","component---src-pages-clientes-jsx-a3cc138c6935023ce19f.js"],"component---src-pages-index-jsx":["styles.6573de0dfa003edc2319.css","1bfc9850-21cd370c2f520c5d8437.js","252f366e-ca8eb0fb652694749755.js","c760f49fe094fea7eeef5bab7121b68424102643-f7806fe6a92a17b94830.js","a81768f93121ced67e3f549b5c369bcf798f1c5c-33e6219e7ccb828bf794.js","25f03d0106eea974786f81fa6e3f3a364b111893-6d0107ad6e2a98355bd1.js","component---src-pages-index-jsx-4f0bb4e98e462c9bc74d.js"],"component---src-pages-nosotros-jsx":["1bfc9850-21cd370c2f520c5d8437.js","252f366e-ca8eb0fb652694749755.js","d7eeaac4-dd4a132fd31c6868ba7c.js","c760f49fe094fea7eeef5bab7121b68424102643-f7806fe6a92a17b94830.js","25f03d0106eea974786f81fa6e3f3a364b111893-6d0107ad6e2a98355bd1.js","component---src-pages-nosotros-jsx-7e8e58255af37b3754ad.js"],"component---src-pages-proyecto-grupo-falabella-jsx":["styles.6573de0dfa003edc2319.css","1bfc9850-21cd370c2f520c5d8437.js","252f366e-ca8eb0fb652694749755.js","d7eeaac4-dd4a132fd31c6868ba7c.js","c760f49fe094fea7eeef5bab7121b68424102643-f7806fe6a92a17b94830.js","component---src-pages-proyecto-grupo-falabella-jsx-fae4c93675046e59c4f7.js"],"component---src-pages-proyecto-mantenimiento-mina-cerro-verde-jsx":["styles.6573de0dfa003edc2319.css","1bfc9850-21cd370c2f520c5d8437.js","252f366e-ca8eb0fb652694749755.js","d7eeaac4-dd4a132fd31c6868ba7c.js","c760f49fe094fea7eeef5bab7121b68424102643-f7806fe6a92a17b94830.js","component---src-pages-proyecto-mantenimiento-mina-cerro-verde-jsx-3d847e3f244f886ef463.js"],"component---src-pages-proyecto-mantenimiento-mina-toquepala-jsx":["styles.6573de0dfa003edc2319.css","1bfc9850-21cd370c2f520c5d8437.js","252f366e-ca8eb0fb652694749755.js","d7eeaac4-dd4a132fd31c6868ba7c.js","c760f49fe094fea7eeef5bab7121b68424102643-f7806fe6a92a17b94830.js","component---src-pages-proyecto-mantenimiento-mina-toquepala-jsx-d711563585a59c3577bc.js"],"component---src-pages-proyecto-marcobre-jsx":["styles.6573de0dfa003edc2319.css","1bfc9850-21cd370c2f520c5d8437.js","252f366e-ca8eb0fb652694749755.js","d7eeaac4-dd4a132fd31c6868ba7c.js","c760f49fe094fea7eeef5bab7121b68424102643-f7806fe6a92a17b94830.js","component---src-pages-proyecto-marcobre-jsx-ff8fb4eaebe815f57bb3.js"],"component---src-pages-proyecto-proyecto-fotovoltaico-clemesi-moquegua-jsx":["styles.6573de0dfa003edc2319.css","1bfc9850-21cd370c2f520c5d8437.js","252f366e-ca8eb0fb652694749755.js","d7eeaac4-dd4a132fd31c6868ba7c.js","c760f49fe094fea7eeef5bab7121b68424102643-f7806fe6a92a17b94830.js","component---src-pages-proyecto-proyecto-fotovoltaico-clemesi-moquegua-jsx-318d1a1783847fb9ff2b.js"],"component---src-pages-proyecto-proyecto-fotovoltaico-rubi-moquegua-jsx":["styles.6573de0dfa003edc2319.css","1bfc9850-21cd370c2f520c5d8437.js","252f366e-ca8eb0fb652694749755.js","d7eeaac4-dd4a132fd31c6868ba7c.js","c760f49fe094fea7eeef5bab7121b68424102643-f7806fe6a92a17b94830.js","component---src-pages-proyecto-proyecto-fotovoltaico-rubi-moquegua-jsx-c0e5bf2068adc7093af3.js"],"component---src-pages-proyecto-proyecto-quellaveco-norte-jsx":["styles.6573de0dfa003edc2319.css","1bfc9850-21cd370c2f520c5d8437.js","252f366e-ca8eb0fb652694749755.js","d7eeaac4-dd4a132fd31c6868ba7c.js","c760f49fe094fea7eeef5bab7121b68424102643-f7806fe6a92a17b94830.js","component---src-pages-proyecto-proyecto-quellaveco-norte-jsx-7f536116cb7781877b78.js"],"component---src-pages-proyecto-proyecto-quellaveco-tuneles-jsx":["styles.6573de0dfa003edc2319.css","1bfc9850-21cd370c2f520c5d8437.js","252f366e-ca8eb0fb652694749755.js","d7eeaac4-dd4a132fd31c6868ba7c.js","c760f49fe094fea7eeef5bab7121b68424102643-f7806fe6a92a17b94830.js","component---src-pages-proyecto-proyecto-quellaveco-tuneles-jsx-2ecbc60ebd53375c8326.js"],"component---src-pages-proyecto-sociedad-minera-cerro-verde-jsx":["styles.6573de0dfa003edc2319.css","1bfc9850-21cd370c2f520c5d8437.js","252f366e-ca8eb0fb652694749755.js","d7eeaac4-dd4a132fd31c6868ba7c.js","c760f49fe094fea7eeef5bab7121b68424102643-f7806fe6a92a17b94830.js","component---src-pages-proyecto-sociedad-minera-cerro-verde-jsx-7f468f12d34df148cc8c.js"],"component---src-pages-proyectos-jsx":["1bfc9850-21cd370c2f520c5d8437.js","252f366e-ca8eb0fb652694749755.js","c760f49fe094fea7eeef5bab7121b68424102643-f7806fe6a92a17b94830.js","component---src-pages-proyectos-jsx-fdf8e06895a78c1131db.js"]},"childAssetsByChunkName":{}}